<?xml version="1.0" encoding="utf-8"?>
<WorldMetaData xmlns:xsd="http://www.w3.org/2001/XMLSchema" xmlns:xsi="http://www.w3.org/2001/XMLSchema-instance" Id="7ca864b8-c734-45fe-81a9-0350b0f553c7">
  <Game>Assembly-CSharp</Game>
  <GameVersion>0.2.5087.23112</GameVersion>
  <DateTime>133672601845923113</DateTime>
  <DaysPast>0</DaysPast>
  <WorldName>Mars</WorldName>
  <IsOnAwayMission>false</IsOnAwayMission>
  <WorldTravelCount>0</WorldTravelCount>
  <WorldFileName>Vinitri</WorldFileName>
  <WorkShopFileHandle>0</WorkShopFileHandle>
  <NumberOfRooms>3</NumberOfRooms>
  <NumberOfPipeNetworks>0</NumberOfPipeNetworks>
  <NumberOfCableNetworks>1</NumberOfCableNetworks>
  <NumberOfThings>215</NumberOfThings>
  <NumberOfAtmospheres>34</NumberOfAtmospheres>
  <NumberOfAsteriods>0</NumberOfAsteriods>
</WorldMetaData>