<?xml version="1.0" encoding="utf-8"?>
<WorldMetaData xmlns:xsd="http://www.w3.org/2001/XMLSchema" xmlns:xsi="http://www.w3.org/2001/XMLSchema-instance" Id="b6c6f907-0553-4240-bda8-a0cf24b45aac">
  <Game>Assembly-CSharp</Game>
  <GameVersion>0.2.5087.23112</GameVersion>
  <DateTime>133672599314386535</DateTime>
  <DaysPast>0</DaysPast>
  <WorldName>Mars</WorldName>
  <IsOnAwayMission>false</IsOnAwayMission>
  <WorldTravelCount>0</WorldTravelCount>
  <WorldFileName>Vinitri</WorldFileName>
  <WorkShopFileHandle>0</WorkShopFileHandle>
  <NumberOfRooms>3</NumberOfRooms>
  <NumberOfPipeNetworks>0</NumberOfPipeNetworks>
  <NumberOfCableNetworks>0</NumberOfCableNetworks>
  <NumberOfThings>201</NumberOfThings>
  <NumberOfAtmospheres>35</NumberOfAtmospheres>
  <NumberOfAsteriods>0</NumberOfAsteriods>
</WorldMetaData>