<?xml version="1.0" encoding="utf-8"?>
<WorldMetaData xmlns:xsd="http://www.w3.org/2001/XMLSchema" xmlns:xsi="http://www.w3.org/2001/XMLSchema-instance" Id="636be10b-ecf6-42ed-8ba4-104da2c3dc58">
  <Game>Assembly-CSharp</Game>
  <GameVersion>0.2.5175.23517</GameVersion>
  <DateTime>133695350891345309</DateTime>
  <DaysPast>67</DaysPast>
  <WorldName>Mars</WorldName>
  <IsOnAwayMission>false</IsOnAwayMission>
  <WorldTravelCount>0</WorldTravelCount>
  <WorldFileName>Vinitri</WorldFileName>
  <WorkShopFileHandle>0</WorkShopFileHandle>
  <NumberOfRooms>10</NumberOfRooms>
  <NumberOfPipeNetworks>21</NumberOfPipeNetworks>
  <NumberOfCableNetworks>8</NumberOfCableNetworks>
  <NumberOfThings>997</NumberOfThings>
  <NumberOfAtmospheres>647</NumberOfAtmospheres>
  <NumberOfAsteriods>0</NumberOfAsteriods>
</WorldMetaData>