<?xml version="1.0" encoding="utf-8"?>
<WorldMetaData xmlns:xsd="http://www.w3.org/2001/XMLSchema" xmlns:xsi="http://www.w3.org/2001/XMLSchema-instance" Id="ee13351a-f253-46d4-b6da-4386beed0fac">
  <Game>Assembly-CSharp</Game>
  <GameVersion>0.2.5175.23517</GameVersion>
  <DateTime>133696101868544592</DateTime>
  <DaysPast>100</DaysPast>
  <WorldName>Mars</WorldName>
  <IsOnAwayMission>false</IsOnAwayMission>
  <WorldTravelCount>0</WorldTravelCount>
  <WorldFileName>Vinitri</WorldFileName>
  <WorkShopFileHandle>0</WorkShopFileHandle>
  <NumberOfRooms>13</NumberOfRooms>
  <NumberOfPipeNetworks>27</NumberOfPipeNetworks>
  <NumberOfCableNetworks>15</NumberOfCableNetworks>
  <NumberOfThings>1534</NumberOfThings>
  <NumberOfAtmospheres>760</NumberOfAtmospheres>
  <NumberOfAsteriods>0</NumberOfAsteriods>
</WorldMetaData>