<?xml version="1.0" encoding="utf-8"?>
<WorldMetaData xmlns:xsd="http://www.w3.org/2001/XMLSchema" xmlns:xsi="http://www.w3.org/2001/XMLSchema-instance" Id="514eb25a-deb2-4411-91e8-618a81a4691b">
  <Game>Assembly-CSharp</Game>
  <GameVersion>0.2.5166.23504</GameVersion>
  <DateTime>133691198682552133</DateTime>
  <DaysPast>58</DaysPast>
  <WorldName>Mars</WorldName>
  <IsOnAwayMission>false</IsOnAwayMission>
  <WorldTravelCount>0</WorldTravelCount>
  <WorldFileName>Vinitri</WorldFileName>
  <WorkShopFileHandle>0</WorkShopFileHandle>
  <NumberOfRooms>8</NumberOfRooms>
  <NumberOfPipeNetworks>21</NumberOfPipeNetworks>
  <NumberOfCableNetworks>8</NumberOfCableNetworks>
  <NumberOfThings>904</NumberOfThings>
  <NumberOfAtmospheres>565</NumberOfAtmospheres>
  <NumberOfAsteriods>0</NumberOfAsteriods>
</WorldMetaData>